Column,in1,in2,in3,in4
in1,1.0,-0.0011741552348004316,0.026901675781908496,0.03952564412306892
in2,-0.0011741552348004316,1.0,-0.10947597920511787,0.06520566063050952
in3,0.026901675781908496,-0.10947597920511787,1.0,-0.11991418051690704
in4,0.03952564412306892,0.06520566063050952,-0.11991418051690704,1.0
