Column,Id,SepalLengthCm,SepalWidthCm,PetalLengthCm,PetalWidthCm
Id,1.0,0.7261420034796143,-0.39286789408881834,0.8673559975865472,0.8792764335322676
SepalLengthCm,0.7261420034796143,1.0,-0.15616390157267276,0.8797382241651758,0.8307199256216583
SepalWidthCm,-0.39286789408881834,-0.15616390157267276,1.0,-0.29084175733696743,-0.2623324032171255
PetalLengthCm,0.8673559975865472,0.8797382241651758,-0.29084175733696743,1.0,0.9355055997326438
PetalWidthCm,0.8792764335322676,0.8307199256216583,-0.2623324032171255,0.9355055997326438,1.0
