Column,Id,SepalLengthCm,SepalWidthCm,PetalLengthCm,PetalWidthCm
Id,1.0,0.7340539701198421,-0.4115391019208549,0.8684982456933065,0.8790449099710554
SepalLengthCm,0.7340539701198421,1.0,-0.15945651848582867,0.8813863932886515,0.8344206519767946
SepalWidthCm,-0.4115391019208549,-0.15945651848582867,1.0,-0.3034206463815158,-0.2775110724763029
PetalLengthCm,0.8684982456933065,0.8813863932886515,-0.3034206463815158,1.0,0.9360033509355781
PetalWidthCm,0.8790449099710554,0.8344206519767946,-0.2775110724763029,0.9360033509355781,1.0
